Annee;Groupe_TP;Id_paquerette;Milieu;Code_site;Prop_veg_500;Date_ech;Date_dissection;Nb_inflo;Nb_feuilles;H_tige;D_capitule;D_disque;Antho_sup;Antho_inf;Nb_ligu;Nb_tubu;Abondance;Agregation
2021;stage;URB1_P01;Urbain;URB1;21.9;14/06/2021;NA;1;7;73;12;5;1;1;41;73;2;E
2021;stage;URB1_P02;Urbain;URB1;21.9;14/06/2021;NA;1;8;56;13;5;1;1;36;94;3;B
2021;stage;URB1_P03;Urbain;URB1;21.9;14/06/2021;NA;2;14;57;16;5;1;1;38;82;2;C
2021;stage;URB1_P04;Urbain;URB1;21.9;14/06/2021;NA;2;8;92;14;5;2;3;31;73;2;C
2021;stage;URB1_P05;Urbain;URB1;21.9;14/06/2021;NA;2;9;42;14;5;1;1;35;78;3;B
2021;stage;URB1_P06;Urbain;URB1;21.9;14/06/2021;NA;2;10;52;12;4;1;1;41;72;2;C
2021;stage;URB1_P07;Urbain;URB1;21.9;14/06/2021;NA;1;8;53;11;4;2;3;34;71;1;E
2021;stage;URB1_P08;Urbain;URB1;21.9;14/06/2021;NA;1;9;41;12;4;1;2;36;84;2;C
2021;stage;URB1_P09;Urbain;URB1;21.9;14/06/2021;NA;2;10;52;11;5;1;1;31;82;2;E
2021;stage;URB1_P10;Urbain;URB1;21.9;14/06/2021;NA;1;10;34;13;6;1;1;38;102;1;B
2021;stage;URB1_P11;Urbain;URB1;21.9;14/06/2021;NA;2;5;48;13;4;1;2;35;76;2;D
2021;stage;URB1_P12;Urbain;URB1;21.9;14/06/2021;NA;1;5;14;9;3;1;1;34;35;2;D
2021;stage;URB1_P13;Urbain;URB1;21.9;14/06/2021;NA;1;7;43;11;4;2;3;36;59;2;C
2021;stage;URB1_P14;Urbain;URB1;21.9;14/06/2021;NA;2;5;51;12;4;3;3;41;71;1;D
2021;stage;URB1_P15;Urbain;URB1;21.9;14/06/2021;NA;1;15;78;8;4;1;1;32;67;2;C
2021;stage;URB1_P16;Urbain;URB1;21.9;14/06/2021;NA;1;9;52;14;6;1;2;30;91;2;D
2021;stage;URB1_P17;Urbain;URB1;21.9;14/06/2021;NA;2;9;51;8;4;3;3;35;77;1;A
2021;stage;URB1_P18;Urbain;URB1;21.9;14/06/2021;NA;1;6;47;12;4;3;3;33;62;1;B
2021;stage;URB1_P19;Urbain;URB1;21.9;14/06/2021;NA;2;11;72;14;4;1;2;42;66;2;B
2021;stage;URB1_P20;Urbain;URB1;21.9;14/06/2021;NA;3;11;48;10;4;3;3;33;62;2;B
2021;stage;URB3_P01;Urbain;URB3;4.72;24/06/2021;NA;2;14;86;16;5;1;2;29;67;1;E
2021;stage;URB3_P02;Urbain;URB3;4.72;24/06/2021;NA;1;10;53;14;5;3;3;28;66;1;B
2021;stage;URB3_P03;Urbain;URB3;4.72;24/06/2021;NA;1;8;57;15;6;3;4;37;74;1;D
2021;stage;URB3_P04;Urbain;URB3;4.72;24/06/2021;NA;2;14;93;15;6;1;1;36;76;1;C
2021;stage;URB3_P05;Urbain;URB3;4.72;24/06/2021;NA;1;9;82;15;7;1;1;42;83;1;C
2021;stage;URB3_P06;Urbain;URB3;4.72;24/06/2021;NA;1;6;51;11;5;1;1;30;72;1;E
2021;stage;URB3_P07;Urbain;URB3;4.72;24/06/2021;NA;1;12;42;12;5;1;1;34;63;1;B
2021;stage;URB3_P08;Urbain;URB3;4.72;24/06/2021;NA;1;5;66;12;4;1;1;36;65;1;C
2021;stage;URB3_P09;Urbain;URB3;4.72;24/06/2021;NA;1;8;71;16;5;1;1;35;62;1;D
2021;stage;URB3_P10;Urbain;URB3;4.72;24/06/2021;NA;2;13;62;17;5;2;2;37;72;1;B
2021;stage;URB3_P11;Urbain;URB3;4.72;24/06/2021;NA;1;11;61;15;5;1;2;41;90;1;E
2021;stage;URB3_P12;Urbain;URB3;4.72;24/06/2021;NA;1;10;62;15;6;2;2;47;85;1;C
2021;stage;URB3_P13;Urbain;URB3;4.72;24/06/2021;NA;1;9;83;15;5;1;1;41;95;1;E
2021;stage;URB3_P14;Urbain;URB3;4.72;24/06/2021;NA;2;10;47;15;6;1;2;42;98;1;C
2021;stage;URB3_P15;Urbain;URB3;4.72;24/06/2021;NA;2;10;97;14;6;2;4;40;67;1;E
2021;stage;URB3_P16;Urbain;URB3;4.72;24/06/2021;NA;1;9;79;13;6;2;3;41;84;1;E
2021;stage;URB3_P17;Urbain;URB3;4.72;24/06/2021;NA;1;11;175;15;5;1;1;45;100;1;C
2021;stage;URB3_P18;Urbain;URB3;4.72;24/06/2021;NA;1;10;49;14;6;2;3;31;85;1;E
2021;stage;URB3_P19;Urbain;URB3;4.72;24/06/2021;NA;1;8;93;16;4;1;1;39;67;NA;NA
2021;stage;URB3_P20;Urbain;URB3;4.72;24/06/2021;NA;1;11;95;16;5;1;1;43;78;1;B
2021;stage;URB6_P01;Urbain;URB6;8.39;24/06/2021;NA;3;11;71;16;5;2;3;39;71;1;A
2021;stage;URB6_P02;Urbain;URB6;8.39;24/06/2021;NA;2;9;78;14;5;1;1;35;84;1;B
2021;stage;URB6_P03;Urbain;URB6;8.39;24/06/2021;NA;2;10;13;16;7;1;1;46;98;1;D
2021;stage;URB6_P04;Urbain;URB6;8.39;24/06/2021;NA;2;10;54;14;5;1;1;45;95;1;C
2021;stage;URB6_P05;Urbain;URB6;8.39;24/06/2021;NA;1;6;67;13;5;2;3;37;91;1;D
2021;stage;URB6_P06;Urbain;URB6;8.39;24/06/2021;NA;1;4;92;13;5;1;1;35;89;1;E
2021;stage;URB6_P07;Urbain;URB6;8.39;24/06/2021;NA;1;13;57;16;5;1;1;48;97;2;C
2021;stage;URB6_P08;Urbain;URB6;8.39;24/06/2021;NA;1;14;56;13;5;1;1;31;54;2;E
2021;stage;URB6_P09;Urbain;URB6;8.39;24/06/2021;NA;3;14;67;14;5;2;3;35;79;2;B
2021;stage;URB6_P10;Urbain;URB6;8.39;24/06/2021;NA;1;8;78;15;5;3;4;29;97;2;D
2021;stage;URB6_P11;Urbain;URB6;8.39;24/06/2021;NA;2;8;115;15;5;1;1;40;61;2;B
2021;stage;URB6_P12;Urbain;URB6;8.39;24/06/2021;NA;2;9;81;15;5;1;1;45;110;2;B
2021;stage;URB6_P13;Urbain;URB6;8.39;24/06/2021;NA;2;9;67;13;4;1;1;29;42;2;A
2021;stage;URB6_P14;Urbain;URB6;8.39;24/06/2021;NA;1;14;71;17;6;1;1;37;107;1;E
2021;stage;URB6_P15;Urbain;URB6;8.39;24/06/2021;NA;1;3;81;16;5;1;2;39;68;2;A
2021;stage;URB6_P16;Urbain;URB6;8.39;24/06/2021;NA;1;13;132;15;5;1;2;38;72;2;A
2021;stage;URB6_P17;Urbain;URB6;8.39;24/06/2021;NA;1;9;85;16;5;1;1;45;86;2;B
2021;stage;URB6_P18;Urbain;URB6;8.39;24/06/2021;NA;2;12;126;17;7;1;2;45;101;2;C
2021;stage;URB6_P19;Urbain;URB6;8.39;24/06/2021;NA;1;10;93;16;5;1;1;41;100;2;C
2021;stage;URB6_P20;Urbain;URB6;8.39;24/06/2021;NA;2;13;76;15;5;1;3;34;93;1;D
2021;stage;URB7_P01;Urbain;URB7;12.89;16/06/2021;NA;1;7;45;12;5;2;2;46;103;1;D
2021;stage;URB7_P02;Urbain;URB7;12.89;16/06/2021;NA;1;6;36;13;5;2;3;39;98;2;C
2021;stage;URB7_P03;Urbain;URB7;12.89;16/06/2021;NA;2;9;54;15;6;2;3;45;95;2;D
2021;stage;URB7_P04;Urbain;URB7;12.89;16/06/2021;NA;2;8;52;12;5;1;1;36;86;2;B
2021;stage;URB7_P05;Urbain;URB7;12.89;16/06/2021;NA;1;6;58;15;5;1;1;34;69;2;D
2021;stage;URB7_P06;Urbain;URB7;12.89;16/06/2021;NA;1;4;33;13;5;1;2;36;93;2;C
2021;stage;URB7_P07;Urbain;URB7;12.89;16/06/2021;NA;1;8;56;14;5;1;1;25;57;2;B
2021;stage;URB7_P08;Urbain;URB7;12.89;16/06/2021;NA;1;5;41;10;4;3;3;47;72;2;D
2021;stage;URB7_P09;Urbain;URB7;12.89;16/06/2021;NA;1;8;61;12;5;2;3;44;99;2;B
2021;stage;URB7_P10;Urbain;URB7;12.89;16/06/2021;NA;2;7;54;13;5;1;1;31;96;1;E
2021;stage;URB7_P11;Urbain;URB7;12.89;16/06/2021;NA;1;6;65;14;5;1;1;34;79;2;A
2021;stage;URB7_P12;Urbain;URB7;12.89;16/06/2021;NA;2;10;68;15;5;2;2;37;73;2;B
2021;stage;URB7_P13;Urbain;URB7;12.89;16/06/2021;NA;2;10;76;15;6;1;1;36;98;2;D
2021;stage;URB7_P14;Urbain;URB7;12.89;16/06/2021;NA;2;9;61;12;6;1;1;36;85;2;A
2021;stage;URB7_P15;Urbain;URB7;12.89;16/06/2021;NA;2;9;57;15;5;1;1;38;90;2;B
2021;stage;URB7_P16;Urbain;URB7;12.89;16/06/2021;NA;2;7;93;15;5;3;3;42;91;3;B
2021;stage;URB7_P17;Urbain;URB7;12.89;16/06/2021;NA;1;6;57;12;5;2;2;36;67;2;B
2021;stage;URB7_P18;Urbain;URB7;12.89;16/06/2021;NA;1;7;39;10;5;1;1;32;75;1;A
2021;stage;URB7_P19;Urbain;URB7;12.89;16/06/2021;NA;2;12;54;13;5;2;2;41;85;2;D
2021;stage;URB7_P20;Urbain;URB7;12.89;16/06/2021;NA;2;8;46;13;4;1;1;31;81;1;E
2021;stage;URB8_P01;Urbain;URB8;20.18;05/07/2021;NA;1;9;97;15;5;3;3;43;81;1;B
2021;stage;URB8_P02;Urbain;URB8;20.18;05/07/2021;NA;1;7;117;14;5;2;2;39;79;1;E
2021;stage;URB8_P03;Urbain;URB8;20.18;05/07/2021;NA;1;4;93;12;5;1;2;32;77;1;C
2021;stage;URB8_P04;Urbain;URB8;20.18;05/07/2021;NA;1;6;96;13;5;3;3;26;59;1;B
2021;stage;URB8_P05;Urbain;URB8;20.18;05/07/2021;NA;1;4;88;12;5;2;3;37;67;1;B
2021;stage;URB8_P06;Urbain;URB8;20.18;05/07/2021;NA;1;5;135;13;4;1;2;33;60;1;C
2021;stage;URB8_P07;Urbain;URB8;20.18;05/07/2021;NA;2;10;115;14;5;1;1;34;56;1;A
2021;stage;URB8_P08;Urbain;URB8;20.18;05/07/2021;NA;2;9;123;13;4;1;2;31;45;1;C
2021;stage;URB8_P09;Urbain;URB8;20.18;05/07/2021;NA;1;4;121;12;4;1;1;33;68;1;D
2021;stage;URB8_P10;Urbain;URB8;20.18;05/07/2021;NA;1;5;116;11;5;1;1;28;52;1;B
2021;stage;URB8_P11;Urbain;URB8;20.18;05/07/2021;NA;1;10;101;16;5;1;1;40;85;1;C
2021;stage;URB8_P12;Urbain;URB8;20.18;05/07/2021;NA;1;7;104;14;4;2;3;32;62;1;B
2021;stage;URB8_P13;Urbain;URB8;20.18;05/07/2021;NA;2;7;108;14;5;1;2;34;51;1;C
2021;stage;URB8_P14;Urbain;URB8;20.18;05/07/2021;NA;2;9;123;13;4;2;2;33;71;1;D
2021;stage;URB8_P15;Urbain;URB8;20.18;05/07/2021;NA;2;16;99;13;4;1;2;35;69;1;A
2021;stage;URB8_P16;Urbain;URB8;20.18;05/07/2021;NA;2;5;86;9;4;1;1;32;54;1;B
2021;stage;URB8_P17;Urbain;URB8;20.18;05/07/2021;NA;1;8;118;13;5;1;2;24;51;1;E
2021;stage;URB8_P18;Urbain;URB8;20.18;05/07/2021;NA;1;15;71;12;4;3;4;31;73;1;D
2021;stage;URB8_P19;Urbain;URB8;20.18;05/07/2021;NA;1;7;96;13;4;1;1;30;51;1;C
2021;stage;URB8_P20;Urbain;URB8;20.18;05/07/2021;NA;1;8;181;14;5;2;2;39;75;1;A
2021;stage;URB9_P01;Urbain;URB9;24;14/06/2021;NA;2;7;112;14;5;1;1;48;101;1;C
2021;stage;URB9_P02;Urbain;URB9;24;14/06/2021;NA;2;8;115;15;5;1;1;43;105;2;C
2021;stage;URB9_P03;Urbain;URB9;24;14/06/2021;NA;1;4;152;14;4;2;2;36;63;2;B
2021;stage;URB9_P04;Urbain;URB9;24;14/06/2021;NA;3;13;134;21;6;1;1;41;142;2;B
2021;stage;URB9_P05;Urbain;URB9;24;14/06/2021;NA;1;9;97;15;6;1;1;42;107;2;A
2021;stage;URB9_P06;Urbain;URB9;24;14/06/2021;NA;2;8;76;19;6;2;2;38;111;2;A
2021;stage;URB9_P07;Urbain;URB9;24;14/06/2021;NA;1;9;138;15;5;1;1;37;98;2;C
2021;stage;URB9_P08;Urbain;URB9;24;14/06/2021;NA;1;5;134;12;4;1;1;26;65;2;D
2021;stage;URB9_P09;Urbain;URB9;24;14/06/2021;NA;1;7;93;17;5;1;1;50;81;2;D
2021;stage;URB9_P10;Urbain;URB9;24;14/06/2021;NA;2;6;127;13;5;2;3;31;72;2;B
2021;stage;URB9_P11;Urbain;URB9;24;14/06/2021;NA;1;9;113;17;5;1;1;34;74;2;A
2021;stage;URB9_P12;Urbain;URB9;24;14/06/2021;NA;2;5;122;13;4;1;1;35;49;2;D
2021;stage;URB9_P13;Urbain;URB9;24;14/06/2021;NA;2;7;108;16;5;1;1;41;90;2;C
2021;stage;URB9_P14;Urbain;URB9;24;14/06/2021;NA;1;7;92;11;4;1;1;31;56;2;A
2021;stage;URB9_P15;Urbain;URB9;24;14/06/2021;NA;1;6;131;17;6;1;1;57;144;1;D
2021;stage;URB9_P16;Urbain;URB9;24;14/06/2021;NA;1;6;55;14;5;1;2;42;95;1;D
2021;stage;URB9_P17;Urbain;URB9;24;14/06/2021;NA;1;8;152;16;5;1;1;31;88;2;B
2021;stage;URB9_P18;Urbain;URB9;24;14/06/2021;NA;2;11;112;16;5;1;1;41;107;2;D
2021;stage;URB9_P19;Urbain;URB9;24;14/06/2021;NA;1;6;183;16;5;1;1;37;70;2;B
2021;stage;URB9_P20;Urbain;URB9;24;14/06/2021;NA;2;9;91;17;5;1;1;38;79;2;D
2021;stage;SU1_P01;Semi-urbain;SU1;51.8;26/05/2021;NA;1;8;147;24;8;3;4;49;136;2;C
2021;stage;SU1_P02;Semi-urbain;SU1;51.8;26/05/2021;NA;1;4;73;16;5;3;3;45;101;2;B
2021;stage;SU1_P03;Semi-urbain;SU1;51.8;26/05/2021;NA;1;9;87;15;6;2;3;53;80;1;B
2021;stage;SU1_P04;Semi-urbain;SU1;51.8;26/05/2021;NA;1;10;82;14;4;3;4;36;48;3;C
2021;stage;SU1_P05;Semi-urbain;SU1;51.8;26/05/2021;NA;1;4;113;18;5;2;3;36;100;NA;NA
2021;stage;SU1_P06;Semi-urbain;SU1;51.8;26/05/2021;NA;1;6;78;15;5;3;4;50;95;NA;NA
2021;stage;SU1_P07;Semi-urbain;SU1;51.8;26/05/2021;NA;1;6;111;16;5;4;4;44;96;2;C
2021;stage;SU1_P08;Semi-urbain;SU1;51.8;26/05/2021;NA;1;7;142;14;4;2;3;29;73;2;B
2021;stage;SU1_P09;Semi-urbain;SU1;51.8;26/05/2021;NA;1;9;171;17;6;1;1;46;81;3;A
2021;stage;SU1_P10;Semi-urbain;SU1;51.8;26/05/2021;NA;1;7;94;18;6;2;2;32;88;2;C
2021;stage;SU1_P11;Semi-urbain;SU1;51.8;26/05/2021;NA;1;6;142;19;6;1;2;45;113;2;B
2021;stage;SU1_P12;Semi-urbain;SU1;51.8;26/05/2021;NA;1;6;112;14;5;1;2;30;74;2;C
2021;stage;SU1_P13;Semi-urbain;SU1;51.8;26/05/2021;NA;1;9;127;13;7;1;2;43;102;2;A
2021;stage;SU1_P14;Semi-urbain;SU1;51.8;26/05/2021;NA;1;8;87;15;5;3;3;47;98;1;D
2021;stage;SU1_P15;Semi-urbain;SU1;51.8;26/05/2021;NA;1;9;126;18;6;2;3;40;107;2;B
2021;stage;SU1_P16;Semi-urbain;SU1;51.8;26/05/2021;NA;1;4;131;12;4;1;2;33;41;2;A
2021;stage;SU1_P17;Semi-urbain;SU1;51.8;26/05/2021;NA;1;6;176;18;6;2;3;37;91;2;E
2021;stage;SU1_P18;Semi-urbain;SU1;51.8;26/05/2021;NA;1;5;102;15;5;2;4;47;88;NA;NA
2021;stage;SU1_P19;Semi-urbain;SU1;51.8;26/05/2021;NA;1;7;64;16;5;2;3;45;88;2;B
2021;stage;SU1_P20;Semi-urbain;SU1;51.8;26/05/2021;NA;1;2;125;13;5;2;3;37;73;NA;NA
2021;stage;SU2_P01;Semi-urbain;SU2;41.99;01/06/2021;NA;1;11;52;16;6;1;2;44;92;2;B
2021;stage;SU2_P02;Semi-urbain;SU2;41.99;01/06/2021;NA;2;7;41;14;5;1;2;33;53;1;C
2021;stage;SU2_P03;Semi-urbain;SU2;41.99;01/06/2021;NA;1;8;51;12;4;2;2;41;66;2;B
2021;stage;SU2_P04;Semi-urbain;SU2;41.99;01/06/2021;NA;1;8;43;11;4;1;2;31;79;2;D
2021;stage;SU2_P05;Semi-urbain;SU2;41.99;01/06/2021;NA;1;5;91;14;5;3;3;34;71;2;B
2021;stage;SU2_P06;Semi-urbain;SU2;41.99;01/06/2021;NA;1;6;61;12;5;2;3;36;63;2;A
2021;stage;SU2_P07;Semi-urbain;SU2;41.99;01/06/2021;NA;1;7;36;13;4;2;3;31;58;2;A
2021;stage;SU2_P08;Semi-urbain;SU2;41.99;01/06/2021;NA;2;10;68;13;4;3;3;35;61;1;B
2021;stage;SU2_P09;Semi-urbain;SU2;41.99;01/06/2021;NA;2;10;69;12;3;3;3;26;42;1;C
2021;stage;SU2_P10;Semi-urbain;SU2;41.99;01/06/2021;NA;2;8;98;16;5;2;3;33;81;2;A
2021;stage;SU2_P11;Semi-urbain;SU2;41.99;01/06/2021;NA;2;11;81;14;4;1;1;31;58;2;B
2021;stage;SU2_P12;Semi-urbain;SU2;41.99;01/06/2021;NA;1;8;57;13;5;1;3;32;76;1;D
2021;stage;SU2_P13;Semi-urbain;SU2;41.99;01/06/2021;NA;1;6;102;13;4;2;2;32;21;1;C
2021;stage;SU2_P14;Semi-urbain;SU2;41.99;01/06/2021;NA;1;9;91;16;5;1;1;36;84;1;B
2021;stage;SU2_P15;Semi-urbain;SU2;41.99;01/06/2021;NA;1;6;47;13;5;1;1;34;82;2;A
2021;stage;SU2_P16;Semi-urbain;SU2;41.99;01/06/2021;NA;1;7;53;13;5;2;2;33;77;2;A
2021;stage;SU2_P17;Semi-urbain;SU2;41.99;01/06/2021;NA;1;9;84;16;5;1;1;36;79;3;A
2021;stage;SU2_P18;Semi-urbain;SU2;41.99;01/06/2021;NA;2;9;87;13;5;3;4;43;81;3;B
2021;stage;SU2_P19;Semi-urbain;SU2;41.99;01/06/2021;NA;1;7;67;13;4;1;2;26;69;2;B
2021;stage;SU2_P20;Semi-urbain;SU2;41.99;01/06/2021;NA;1;6;43;13;4;1;1;31;65;1;B
2021;stage;SU3_P01;Semi-urbain;SU3;65.02;01/07/2021;NA;1;10;55;11;3;2;3;33;30;1;A
2021;stage;SU3_P02;Semi-urbain;SU3;65.02;01/07/2021;NA;1;8;61;10;5;3;4;26;71;1;A
2021;stage;SU3_P03;Semi-urbain;SU3;65.02;01/07/2021;NA;1;12;64;16;6;2;4;54;124;1;A
2021;stage;SU3_P04;Semi-urbain;SU3;65.02;01/07/2021;NA;3;7;57;13;5;1;1;29;67;1;A
2021;stage;SU3_P05;Semi-urbain;SU3;65.02;01/07/2021;NA;1;12;67;15;5;1;2;34;90;1;B
2021;stage;SU3_P06;Semi-urbain;SU3;65.02;01/07/2021;NA;3;13;46;15;6;1;1;37;106;1;A
2021;stage;SU3_P07;Semi-urbain;SU3;65.02;01/07/2021;NA;2;15;63;15;4;1;3;42;102;1;B
2021;stage;SU3_P08;Semi-urbain;SU3;65.02;01/07/2021;NA;2;10;68;12;4;1;1;33;80;1;A
2021;stage;SU3_P09;Semi-urbain;SU3;65.02;01/07/2021;NA;2;10;46;13;5;2;3;34;76;1;A
2021;stage;SU3_P10;Semi-urbain;SU3;65.02;01/07/2021;NA;1;7;61;11;3;3;4;28;39;1;A
2021;stage;SU3_P11;Semi-urbain;SU3;65.02;01/07/2021;NA;1;6;76;11;4;2;2;29;63;1;A
2021;stage;SU3_P12;Semi-urbain;SU3;65.02;01/07/2021;NA;1;6;68;11;4;3;4;37;64;1;B
2021;stage;SU3_P13;Semi-urbain;SU3;65.02;01/07/2021;NA;1;8;42;10;4;3;4;27;63;1;A
2021;stage;SU3_P14;Semi-urbain;SU3;65.02;01/07/2021;NA;1;10;41;12;3;2;2;32;49;1;A
2021;stage;SU3_P15;Semi-urbain;SU3;65.02;01/07/2021;NA;3;9;54;13;4;1;2;46;71;1;A
2021;stage;SU3_P16;Semi-urbain;SU3;65.02;01/07/2021;NA;1;6;56;11;5;2;3;27;91;1;A
2021;stage;SU3_P17;Semi-urbain;SU3;65.02;01/07/2021;NA;1;8;51;13;5;2;2;24;77;1;A
2021;stage;SU3_P18;Semi-urbain;SU3;65.02;01/07/2021;NA;1;7;52;12;5;2;2;44;91;1;B
2021;stage;SU3_P19;Semi-urbain;SU3;65.02;01/07/2021;NA;1;21;46;15;5;2;3;32;93;1;A
2021;stage;SU3_P20;Semi-urbain;SU3;65.02;01/07/2021;NA;1;7;61;12;5;3;3;41;76;1;A
2021;stage;SU4_P01;Semi-urbain;SU4;63.32;01/06/2021;NA;1;3;66;10;4;1;1;43;83;1;D
2021;stage;SU4_P02;Semi-urbain;SU4;63.32;01/06/2021;NA;1;3;93;15;5;2;3;44;76;3;C
2021;stage;SU4_P03;Semi-urbain;SU4;63.32;01/06/2021;NA;2;7;116;13;5;1;1;29;88;1;D
2021;stage;SU4_P04;Semi-urbain;SU4;63.32;01/06/2021;NA;1;5;118;12;4;1;1;31;56;1;E
2021;stage;SU4_P05;Semi-urbain;SU4;63.32;01/06/2021;NA;1;4;67;16;5;2;3;34;71;1;E
2021;stage;SU4_P06;Semi-urbain;SU4;63.32;01/06/2021;NA;1;11;128;15;5;2;3;36;83;1;D
2021;stage;SU4_P07;Semi-urbain;SU4;63.32;01/06/2021;NA;1;7;86;17;4;1;2;34;88;2;B
2021;stage;SU4_P08;Semi-urbain;SU4;63.32;01/06/2021;NA;1;14;117;16;6;2;3;35;104;2;A
2021;stage;SU4_P09;Semi-urbain;SU4;63.32;01/06/2021;NA;1;4;137;14;5;1;2;37;95;2;C
2021;stage;SU4_P10;Semi-urbain;SU4;63.32;01/06/2021;NA;1;7;117;11;3;1;1;31;46;2;A
2021;stage;SU4_P11;Semi-urbain;SU4;63.32;01/06/2021;NA;1;6;102;13;5;1;2;30;83;2;B
2021;stage;SU4_P12;Semi-urbain;SU4;63.32;01/06/2021;NA;1;7;97;11;4;2;3;29;77;1;E
2021;stage;SU4_P13;Semi-urbain;SU4;63.32;01/06/2021;NA;2;5;73;13;4;2;3;43;61;1;C
2021;stage;SU4_P14;Semi-urbain;SU4;63.32;01/06/2021;NA;1;7;115;13;4;2;3;32;64;1;A
2021;stage;SU4_P15;Semi-urbain;SU4;63.32;01/06/2021;NA;1;6;88;12;4;2;3;27;67;1;E
2021;stage;SU4_P16;Semi-urbain;SU4;63.32;01/06/2021;NA;1;4;114;13;5;3;3;54;92;2;A
2021;stage;SU4_P17;Semi-urbain;SU4;63.32;01/06/2021;NA;1;7;73;13;5;1;1;35;85;1;D
2021;stage;SU4_P18;Semi-urbain;SU4;63.32;01/06/2021;NA;2;11;87;15;5;1;2;41;74;2;A
2021;stage;SU4_P19;Semi-urbain;SU4;63.32;01/06/2021;NA;1;7;84;11;4;1;1;37;45;2;C
2021;stage;SU4_P20;Semi-urbain;SU4;63.32;01/06/2021;NA;2;9;82;18;6;1;1;39;131;1;E
2021;stage;SU5_P01;Semi-urbain;SU5;46.44;28/05/2021;NA;1;5;84;15;5;2;2;33;53;2;B
2021;stage;SU5_P02;Semi-urbain;SU5;46.44;28/05/2021;NA;1;6;98;14;4;2;2;35;55;2;C
2021;stage;SU5_P03;Semi-urbain;SU5;46.44;28/05/2021;NA;1;7;81;18;5;1;1;32;64;1;E
2021;stage;SU5_P04;Semi-urbain;SU5;46.44;28/05/2021;NA;2;6;72;16;5;2;3;39;109;2;A
2021;stage;SU5_P05;Semi-urbain;SU5;46.44;28/05/2021;NA;1;8;71;15;5;1;2;38;95;1;D
2021;stage;SU5_P06;Semi-urbain;SU5;46.44;28/05/2021;NA;1;10;79;14;5;2;2;46;93;2;B
2021;stage;SU5_P07;Semi-urbain;SU5;46.44;28/05/2021;NA;1;5;107;15;5;1;1;33;61;1;C
2021;stage;SU5_P08;Semi-urbain;SU5;46.44;28/05/2021;NA;1;6;64;13;3;2;3;27;57;1;D
2021;stage;SU5_P09;Semi-urbain;SU5;46.44;28/05/2021;NA;1;7;88;14;5;2;3;36;77;1;C
2021;stage;SU5_P10;Semi-urbain;SU5;46.44;28/05/2021;NA;1;5;76;14;4;1;2;27;47;1;B
2021;stage;SU5_P11;Semi-urbain;SU5;46.44;28/05/2021;NA;1;5;67;15;5;1;1;34;86;1;A
2021;stage;SU5_P12;Semi-urbain;SU5;46.44;28/05/2021;NA;1;11;68;14;5;2;3;33;71;1;B
2021;stage;SU5_P13;Semi-urbain;SU5;46.44;28/05/2021;NA;1;8;85;16;6;2;3;42;94;1;C
2021;stage;SU5_P14;Semi-urbain;SU5;46.44;28/05/2021;NA;1;6;76;15;4;1;2;40;61;1;D
2021;stage;SU5_P15;Semi-urbain;SU5;46.44;28/05/2021;NA;1;10;95;14;5;1;2;36;84;1;C
2021;stage;SU5_P16;Semi-urbain;SU5;46.44;28/05/2021;NA;2;7;82;15;6;2;2;37;101;1;D
2021;stage;SU5_P17;Semi-urbain;SU5;46.44;28/05/2021;NA;2;8;77;18;6;1;1;46;98;2;D
2021;stage;SU5_P18;Semi-urbain;SU5;46.44;28/05/2021;NA;1;4;81;17;5;1;3;33;84;1;D
2021;stage;SU5_P19;Semi-urbain;SU5;46.44;28/05/2021;NA;1;8;73;19;5;2;3;47;66;2;A
2021;stage;SU5_P20;Semi-urbain;SU5;46.44;28/05/2021;NA;1;5;54;17;5;1;3;32;76;1;B
2021;stage;SU6_P01;Semi-urbain;SU6;52.79;28/05/2021;NA;1;4;88;13;4;3;3;41;66;1;D
2021;stage;SU6_P02;Semi-urbain;SU6;52.79;28/05/2021;NA;1;8;121;15;4;2;3;34;52;1;C
2021;stage;SU6_P03;Semi-urbain;SU6;52.79;28/05/2021;NA;1;8;131;15;5;1;1;35;84;1;D
2021;stage;SU6_P04;Semi-urbain;SU6;52.79;28/05/2021;NA;1;10;77;14;5;2;3;27;82;1;C
2021;stage;SU6_P05;Semi-urbain;SU6;52.79;28/05/2021;NA;1;13;68;15;5;1;2;33;97;1;B
2021;stage;SU6_P06;Semi-urbain;SU6;52.79;28/05/2021;NA;1;6;103;16;4;2;3;53;63;1;D
2021;stage;SU6_P07;Semi-urbain;SU6;52.79;28/05/2021;NA;1;11;113;15;5;3;4;32;71;1;B
2021;stage;SU6_P08;Semi-urbain;SU6;52.79;28/05/2021;NA;1;5;117;14;5;1;2;34;102;1;D
2021;stage;SU6_P09;Semi-urbain;SU6;52.79;28/05/2021;NA;1;6;87;13;4;2;3;39;68;1;A
2021;stage;SU6_P10;Semi-urbain;SU6;52.79;28/05/2021;NA;1;11;118;17;5;2;2;35;87;2;B
2021;stage;SU6_P11;Semi-urbain;SU6;52.79;28/05/2021;NA;1;11;86;14;5;2;3;37;103;1;B
2021;stage;SU6_P12;Semi-urbain;SU6;52.79;28/05/2021;NA;1;13;83;16;5;2;3;29;85;1;D
2021;stage;SU6_P13;Semi-urbain;SU6;52.79;28/05/2021;NA;1;12;107;16;6;3;4;34;98;2;C
2021;stage;SU6_P14;Semi-urbain;SU6;52.79;28/05/2021;NA;1;9;105;18;6;1;2;36;78;2;A
2021;stage;SU6_P15;Semi-urbain;SU6;52.79;28/05/2021;NA;1;7;117;16;6;2;2;38;74;2;D
2021;stage;SU6_P16;Semi-urbain;SU6;52.79;28/05/2021;NA;1;8;42;11;5;1;2;31;102;2;A
2021;stage;SU6_P17;Semi-urbain;SU6;52.79;28/05/2021;NA;1;5;134;13;5;2;3;34;71;1;C
2021;stage;SU6_P18;Semi-urbain;SU6;52.79;28/05/2021;NA;1;9;106;12;5;1;2;36;63;1;D
2021;stage;SU6_P19;Semi-urbain;SU6;52.79;28/05/2021;NA;1;9;101;14;4;3;3;21;56;1;E
2021;stage;SU6_P20;Semi-urbain;SU6;52.79;28/05/2021;NA;1;5;92;12;5;2;3;41;71;1;C
2021;stage;RUR1_P01;Rural;RUR1;95.38;08/06/2021;NA;2;5;114;18;6;2;4;49;138;1;E
2021;stage;RUR1_P02;Rural;RUR1;95.38;08/06/2021;NA;1;11;102;16;5;3;4;39;107;2;B
2021;stage;RUR1_P03;Rural;RUR1;95.38;08/06/2021;NA;1;4;98;16;6;1;1;37;102;1;C
2021;stage;RUR1_P04;Rural;RUR1;95.38;08/06/2021;NA;2;8;121;20;6;2;3;53;105;1;D
2021;stage;RUR1_P05;Rural;RUR1;95.38;08/06/2021;NA;1;6;106;18;6;3;3;65;122;1;B
2021;stage;RUR1_P06;Rural;RUR1;95.38;08/06/2021;NA;1;7;103;14;4;3;4;32;86;1;A
2021;stage;RUR1_P07;Rural;RUR1;95.38;08/06/2021;NA;1;3;88;18;6;1;2;45;112;2;A
2021;stage;RUR1_P08;Rural;RUR1;95.38;08/06/2021;NA;1;6;99;15;5;2;3;32;61;1;E
2021;stage;RUR1_P09;Rural;RUR1;95.38;08/06/2021;NA;1;8;161;19;7;2;3;41;116;2;B
2021;stage;RUR1_P10;Rural;RUR1;95.38;08/06/2021;NA;1;9;71;15;5;3;3;34;62;1;D
2021;stage;RUR1_P11;Rural;RUR1;95.38;08/06/2021;NA;1;8;72;16;7;2;3;36;97;1;C
2021;stage;RUR1_P12;Rural;RUR1;95.38;08/06/2021;NA;1;3;51;9;4;1;1;32;65;1;D
2021;stage;RUR1_P13;Rural;RUR1;95.38;08/06/2021;NA;1;6;83;16;5;3;3;36;70;1;C
2021;stage;RUR1_P14;Rural;RUR1;95.38;08/06/2021;NA;1;5;128;15;4;2;3;28;55;2;A
2021;stage;RUR1_P15;Rural;RUR1;95.38;08/06/2021;NA;1;9;92;16;5;2;3;27;67;2;B
2021;stage;RUR1_P16;Rural;RUR1;95.38;08/06/2021;NA;1;6;132;16;6;3;3;31;65;2;A
2021;stage;RUR1_P17;Rural;RUR1;95.38;08/06/2021;NA;1;6;54;10;4;1;1;36;81;2;B
2021;stage;RUR1_P18;Rural;RUR1;95.38;08/06/2021;NA;1;6;76;15;5;3;4;33;87;1;D
2021;stage;RUR1_P19;Rural;RUR1;95.38;08/06/2021;NA;1;8;111;16;5;3;4;34;76;2;D
2021;stage;RUR1_P20;Rural;RUR1;95.38;08/06/2021;NA;1;4;87;16;6;2;3;46;148;2;A
2021;stage;RUR2_P01;Rural;RUR2;95.16;08/06/2021;NA;1;6;63;11;3;2;3;34;52;1;A
2021;stage;RUR2_P02;Rural;RUR2;95.16;08/06/2021;NA;1;7;83;14;5;3;4;33;71;1;C
2021;stage;RUR2_P03;Rural;RUR2;95.16;08/06/2021;NA;1;6;112;15;6;1;1;43;87;1;D
2021;stage;RUR2_P04;Rural;RUR2;95.16;08/06/2021;NA;1;8;56;11;4;1;1;27;56;1;B
2021;stage;RUR2_P05;Rural;RUR2;95.16;08/06/2021;NA;1;7;82;15;5;1;2;32;109;1;D
2021;stage;RUR2_P06;Rural;RUR2;95.16;08/06/2021;NA;2;7;116;12;5;2;3;32;76;1;C
2021;stage;RUR2_P07;Rural;RUR2;95.16;08/06/2021;NA;1;16;124;16;6;2;3;43;103;1;B
2021;stage;RUR2_P08;Rural;RUR2;95.16;08/06/2021;NA;1;8;84;16;5;1;2;33;97;1;A
2021;stage;RUR2_P09;Rural;RUR2;95.16;08/06/2021;NA;1;10;13;13;5;2;3;38;47;1;C
2021;stage;RUR2_P10;Rural;RUR2;95.16;08/06/2021;NA;1;9;65;12;4;2;3;28;43;1;D
2021;stage;RUR2_P11;Rural;RUR2;95.16;08/06/2021;NA;1;7;42;11;4;2;2;27;48;1;A
2021;stage;RUR2_P12;Rural;RUR2;95.16;08/06/2021;NA;1;9;13;16;5;4;5;40;76;1;C
2021;stage;RUR2_P13;Rural;RUR2;95.16;08/06/2021;NA;1;14;125;13;5;1;2;21;58;1;D
2021;stage;RUR2_P14;Rural;RUR2;95.16;08/06/2021;NA;1;12;113;14;5;2;3;32;65;1;C
2021;stage;RUR2_P15;Rural;RUR2;95.16;08/06/2021;NA;1;10;36;9;4;2;3;25;41;1;E
2021;stage;RUR2_P16;Rural;RUR2;95.16;08/06/2021;NA;2;11;75;12;5;3;4;33;76;1;C
2021;stage;RUR2_P17;Rural;RUR2;95.16;08/06/2021;NA;1;6;121;15;5;2;3;35;67;1;D
2021;stage;RUR2_P18;Rural;RUR2;95.16;08/06/2021;NA;1;10;142;20;7;4;4;43;101;1;B
2021;stage;RUR2_P19;Rural;RUR2;95.16;08/06/2021;NA;2;10;93;15;5;4;5;28;64;1;A
2021;stage;RUR2_P20;Rural;RUR2;95.16;08/06/2021;NA;1;11;129;13;5;2;3;27;73;1;D
2021;stage;RUR3_P01;Rural;RUR3;86.96;08/06/2021;NA;1;6;66;12;5;2;3;35;81;1;B
2021;stage;RUR3_P02;Rural;RUR3;86.96;08/06/2021;NA;1;8;48;8;4;3;4;26;48;1;B
2021;stage;RUR3_P03;Rural;RUR3;86.96;08/06/2021;NA;1;8;101;9;5;2;3;27;52;1;C
2021;stage;RUR3_P04;Rural;RUR3;86.96;08/06/2021;NA;1;9;84;12;5;2;3;31;63;1;C
2021;stage;RUR3_P05;Rural;RUR3;86.96;08/06/2021;NA;1;11;73;11;5;4;4;32;56;1;B
2021;stage;RUR3_P06;Rural;RUR3;86.96;08/06/2021;NA;1;7;62;11;5;3;3;35;51;1;D
2021;stage;RUR3_P07;Rural;RUR3;86.96;08/06/2021;NA;1;9;65;11;4;3;3;27;55;1;A
2021;stage;RUR3_P08;Rural;RUR3;86.96;08/06/2021;NA;1;5;77;8;4;3;3;26;41;1;B
2021;stage;RUR3_P09;Rural;RUR3;86.96;08/06/2021;NA;1;7;51;10;4;1;1;27;15;1;A
2021;stage;RUR3_P10;Rural;RUR3;86.96;08/06/2021;NA;1;6;63;12;5;3;3;22;57;1;A
2021;stage;RUR3_P11;Rural;RUR3;86.96;08/06/2021;NA;1;4;75;11;5;2;3;30;61;1;E
2021;stage;RUR3_P12;Rural;RUR3;86.96;08/06/2021;NA;2;7;106;11;5;2;3;26;42;1;D
2021;stage;RUR3_P13;Rural;RUR3;86.96;08/06/2021;NA;1;10;92;13;5;2;3;39;105;1;A
2021;stage;RUR3_P14;Rural;RUR3;86.96;08/06/2021;NA;1;9;51;12;4;3;3;31;48;1;B
2021;stage;RUR3_P15;Rural;RUR3;86.96;08/06/2021;NA;1;3;32;8;2;4;4;35;36;1;A
2021;stage;RUR3_P16;Rural;RUR3;86.96;08/06/2021;NA;1;6;86;11;4;3;3;28;32;1;A
2021;stage;RUR3_P17;Rural;RUR3;86.96;08/06/2021;NA;1;14;85;9;4;2;3;31;57;1;B
2021;stage;RUR3_P18;Rural;RUR3;86.96;08/06/2021;NA;1;11;57;10;5;1;2;21;41;1;B
2021;stage;RUR3_P19;Rural;RUR3;86.96;08/06/2021;NA;1;9;73;10;5;3;3;34;67;1;C
2021;stage;RUR3_P20;Rural;RUR3;86.96;08/06/2021;NA;1;3;64;7;3;2;3;31;34;1;B
2021;stage;RUR4_P01;Rural;RUR4;96.02;06/07/2021;NA;1;8;93;13;4;1;1;27;52;1;C
2021;stage;RUR4_P02;Rural;RUR4;96.02;06/07/2021;NA;1;9;76;14;5;1;2;27;61;1;E
2021;stage;RUR4_P03;Rural;RUR4;96.02;06/07/2021;NA;1;11;84;13;5;2;2;33;58;1;E
2021;stage;RUR4_P04;Rural;RUR4;96.02;06/07/2021;NA;1;8;147;15;5;1;1;36;76;1;A
2021;stage;RUR4_P05;Rural;RUR4;96.02;06/07/2021;NA;1;17;56;14;5;1;2;32;78;1;E
2021;stage;RUR4_P06;Rural;RUR4;96.02;06/07/2021;NA;3;11;77;12;5;2;3;34;81;2;B
2021;stage;RUR4_P07;Rural;RUR4;96.02;06/07/2021;NA;1;9;108;14;5;1;2;41;91;2;C
2021;stage;RUR4_P08;Rural;RUR4;96.02;06/07/2021;NA;3;11;99;15;5;2;3;30;73;1;C
2021;stage;RUR4_P09;Rural;RUR4;96.02;06/07/2021;NA;1;16;109;16;5;3;3;39;83;1;E
2021;stage;RUR4_P10;Rural;RUR4;96.02;06/07/2021;NA;1;20;67;15;5;1;1;42;93;2;B
2021;stage;RUR4_P11;Rural;RUR4;96.02;06/07/2021;NA;1;18;63;14;5;2;3;32;66;1;E
2021;stage;RUR4_P12;Rural;RUR4;96.02;06/07/2021;NA;1;10;81;15;6;3;4;36;92;2;C
2021;stage;RUR4_P13;Rural;RUR4;96.02;06/07/2021;NA;2;15;151;13;5;1;2;33;95;1;E
2021;stage;RUR4_P14;Rural;RUR4;96.02;06/07/2021;NA;2;18;51;10;3;1;3;27;52;1;E
2021;stage;RUR4_P15;Rural;RUR4;96.02;06/07/2021;NA;1;15;92;11;5;3;4;25;71;1;C
2021;stage;RUR4_P16;Rural;RUR4;96.02;06/07/2021;NA;1;13;88;13;4;1;1;32;72;2;B
2021;stage;RUR4_P17;Rural;RUR4;96.02;06/07/2021;NA;1;7;67;12;4;2;2;32;62;1;A
2021;stage;RUR4_P18;Rural;RUR4;96.02;06/07/2021;NA;2;12;83;12;4;2;3;33;61;1;A
2021;stage;RUR4_P19;Rural;RUR4;96.02;06/07/2021;NA;1;14;93;14;5;3;3;33;56;1;A
2021;stage;RUR4_P20;Rural;RUR4;96.02;06/07/2021;NA;1;13;72;11;5;2;3;31;54;1;B
2021;stage;RUR5_P01;Rural;RUR5;96.79;08/06/2021;NA;1;9;72;12;4;2;3;38;54;1;B
2021;stage;RUR5_P02;Rural;RUR5;96.79;08/06/2021;NA;1;8;175;13;4;1;1;46;71;1;A
2021;stage;RUR5_P03;Rural;RUR5;96.79;08/06/2021;NA;1;6;71;13;4;2;3;32;72;1;D
2021;stage;RUR5_P04;Rural;RUR5;96.79;08/06/2021;NA;1;10;67;10;4;1;1;46;87;1;B
2021;stage;RUR5_P05;Rural;RUR5;96.79;08/06/2021;NA;1;6;113;12;4;1;1;31;85;1;B
2021;stage;RUR5_P06;Rural;RUR5;96.79;08/06/2021;NA;1;5;61;14;5;2;4;23;74;1;C
2021;stage;RUR5_P07;Rural;RUR5;96.79;08/06/2021;NA;1;7;72;11;5;1;1;34;74;1;C
2021;stage;RUR5_P08;Rural;RUR5;96.79;08/06/2021;NA;1;13;83;12;5;1;1;29;63;1;B
2021;stage;RUR5_P09;Rural;RUR5;96.79;08/06/2021;NA;1;12;97;11;4;2;3;32;68;1;C
2021;stage;RUR5_P10;Rural;RUR5;96.79;08/06/2021;NA;1;4;121;15;5;1;1;26;77;1;A
2021;stage;RUR5_P11;Rural;RUR5;96.79;08/06/2021;NA;1;4;13;12;4;2;4;36;61;1;D
2021;stage;RUR5_P12;Rural;RUR5;96.79;08/06/2021;NA;1;5;76;9;3;1;2;31;67;1;C
2021;stage;RUR5_P13;Rural;RUR5;96.79;08/06/2021;NA;1;10;54;11;4;1;1;37;54;1;D
2021;stage;RUR5_P14;Rural;RUR5;96.79;08/06/2021;NA;1;9;51;11;4;2;3;36;62;1;B
2021;stage;RUR5_P15;Rural;RUR5;96.79;08/06/2021;NA;1;8;52;10;4;2;3;24;41;1;C
2021;stage;RUR5_P16;Rural;RUR5;96.79;08/06/2021;NA;1;7;85;10;4;1;1;33;64;1;B
2021;stage;RUR5_P17;Rural;RUR5;96.79;08/06/2021;NA;1;8;34;9;4;2;3;38;51;1;C
2021;stage;RUR5_P18;Rural;RUR5;96.79;08/06/2021;NA;1;13;68;13;4;1;2;33;66;1;A
2021;stage;RUR5_P19;Rural;RUR5;96.79;08/06/2021;NA;1;10;86;10;4;1;1;28;61;1;A
2021;stage;RUR5_P20;Rural;RUR5;96.79;08/06/2021;NA;1;6;113;14;4;1;1;38;63;1;A
2021;stage;RUR6_P01;Rural;RUR6;95.85;08/06/2021;NA;1;14;72;14;5;2;2;41;84;1;D
2021;stage;RUR6_P02;Rural;RUR6;95.85;08/06/2021;NA;2;6;67;12;4;3;3;31;74;1;B
2021;stage;RUR6_P03;Rural;RUR6;95.85;08/06/2021;NA;2;10;86;11;4;2;3;27;53;1;C
2021;stage;RUR6_P04;Rural;RUR6;95.85;08/06/2021;NA;1;16;114;12;4;2;3;29;58;1;D
2021;stage;RUR6_P05;Rural;RUR6;95.85;08/06/2021;NA;1;10;62;13;5;1;1;26;54;2;A
2021;stage;RUR6_P06;Rural;RUR6;95.85;08/06/2021;NA;2;10;112;12;4;1;1;35;73;2;B
2021;stage;RUR6_P07;Rural;RUR6;95.85;08/06/2021;NA;1;6;146;15;5;3;3;21;69;1;B
2021;stage;RUR6_P08;Rural;RUR6;95.85;08/06/2021;NA;1;16;101;17;5;1;1;51;112;1;A
2021;stage;RUR6_P09;Rural;RUR6;95.85;08/06/2021;NA;1;8;105;11;4;1;1;29;61;1;B
2021;stage;RUR6_P10;Rural;RUR6;95.85;08/06/2021;NA;1;8;72;12;5;3;4;32;81;1;E
2021;stage;RUR6_P11;Rural;RUR6;95.85;08/06/2021;NA;1;10;63;10;4;2;3;27;71;2;A
2021;stage;RUR6_P12;Rural;RUR6;95.85;08/06/2021;NA;1;7;144;15;5;1;1;45;92;1;E
2021;stage;RUR6_P13;Rural;RUR6;95.85;08/06/2021;NA;1;6;106;16;6;3;3;52;138;1;C
2021;stage;RUR6_P14;Rural;RUR6;95.85;08/06/2021;NA;1;4;101;11;5;3;3;31;53;1;E
2021;stage;RUR6_P15;Rural;RUR6;95.85;08/06/2021;NA;1;7;102;13;5;3;3;33;71;1;D
2021;stage;RUR6_P16;Rural;RUR6;95.85;08/06/2021;NA;1;8;92;14;5;1;1;32;72;1;D
2021;stage;RUR6_P17;Rural;RUR6;95.85;08/06/2021;NA;1;14;124;15;5;1;1;36;81;1;B
2021;stage;RUR6_P18;Rural;RUR6;95.85;08/06/2021;NA;1;4;115;11;4;3;3;25;47;2;C
2021;stage;RUR6_P19;Rural;RUR6;95.85;08/06/2021;NA;1;6;87;10;4;2;3;29;52;1;D
2021;stage;RUR6_P20;Rural;RUR6;95.85;08/06/2021;NA;1;8;117;11;5;2;3;51;87;1;B
2023;A31;RUR1-0145-A;Rural;RUR1;95.38;05/03/2023;07/03/2023;3;20;34;18;8;1;2;52;242;1;C
2023;B11;RUR1-1699A;Rural;RUR1;95.38;06/03/2023;08/03/2023;3;29;40;20;8;1;2;52;178;1;B
2023;B31;RUR1-3634-A;Rural;RUR1;95.38;05/03/2023;06/03/2023;6;16;67;22;7;2;2;58;252;2;B
2023;B22;RUR1-3722-A;Rural;RUR1;95.38;07/03/2023;08/03/2023;4;27;73;24;8;2;2;42;178;2;E
2023;B22;RUR1-6544-B;Rural;RUR1;95.38;06/03/2023;08/03/2023;4;21;40;24;8;3;2;58;216;1;A
2023;A31;RUR1-7105-A;Rural;RUR1;95.38;05/03/2023;07/03/2023;3;18;33;24;8;2;2;44;176;1;B
2023;A21;RUR1-3054-A;Rural;RUR1;95.38;08/03/2023;09/03/2023;3;32;59;22;7;2;3;40;142;1;B
2023;A12;RUR1-1187-A;Rural;RUR1;95.38;06/03/2023;09/03/2023;2;14;66;20;5;2;2;58;190;1;A
2023;A12;RUR1-2642-A;Rural;RUR1;95.38;06/03/2023;09/03/2023;3;12;70;20;7;1;2;54;192;1;B
2023;A31;RUR2-1676-A;Rural;RUR2;95.16;06/03/2023;07/03/2023;9;65;62;24;8;2;3;62;204;1;A
2023;B11;RUR2-2062-B;Rural;RUR2;95.16;07/03/2023;08/03/2023;3;31;40;23;9;2;2;64;198;3;B
2023;B11;RUR2-3564-A;Rural;RUR2;95.16;07/03/2023;08/03/2023;2;17;25;20;7;2;3;54;100;2;B
2023;B11;RUR2-4076-A;Rural;RUR2;95.16;07/03/2023;08/03/2023;5;28;78;23;8;2;3;40;128;1;B
2023;A31;RUR2-4862-A;Rural;RUR2;95.16;06/03/2023;07/03/2023;10;86;36;17;6;2;2;40;116;2;E
2023;B11;RUR2-7040-A;Rural;RUR2;95.16;07/03/2023;08/03/2023;3;25;26;20;9;2;2;58;168;2;B
2023;A31;RUR2-8166-A;Rural;RUR2;95.16;06/03/2023;07/03/2023;6;38;59;21;8;3;3;64;166;2;A
2023;A11;RUR2-3491-A;Rural;RUR2;95.16;08/03/2023;09/03/2023;5;91;61;23;6;2;2;48;180;2;D
2023;A11;RUR2-7386-A;Rural;RUR2;95.16;08/03/2023;09/03/2023;5;14;48;23;8;2;3;52;176;2;A
2023;B31;RUR3-0110-A;Rural;RUR3;86.96;04/03/2023;06/03/2023;4;14;112;20;7;1;1;58;154;1;C
2023;A31;RUR3-0113-A;Rural;RUR3;86.96;06/03/2023;07/03/2023;6;58;150;26;8;3;5;38;92;1;E
2023;B12;RUR3-0417-A;Rural;RUR3;86.96;04/03/2023;08/03/2023;2;29;57;26;7;1;2;96;202;1;C
2023;B12;RUR3-0417-B;Rural;RUR3;86.96;04/03/2023;08/03/2023;6;101;95;21;9;2;2;62;198;2;D
2023;A31;RUR3-1110-A;Rural;RUR3;86.96;05/03/2023;07/03/2023;2;25;64;21;8;2;2;66;132;1;D
2023;B31;RUR3-1178-B;Rural;RUR3;86.96;05/03/2023;06/03/2023;2;21;57;24;9;2;3;30;164;1;A
2023;B31;RUR3-1308-A;Rural;RUR3;86.96;05/03/2023;06/03/2023;3;25;47;25;7;3;3;64;126;1;A
2023;B21;RUR3-2394_B;Rural;RUR3;86.96;06/03/2023;08/03/2023;3;29;88;18;7;2;2;46;162;1;D
2023;B21;RUR3-3686-A;Rural;RUR3;86.96;04/03/2023;08/03/2023;3;24;80;25;8;1;2;40;186;1;B
2023;B31;RUR3-5571-A;Rural;RUR3;86.96;05/03/2023;06/03/2023;4;20;53;20;8;2;3;56;152;1;A
2023;A22;RUR3-3499-A;Rural;RUR3;86.96;09/03/2023;09/03/2023;2;13;37;23;8;2;2;40;160;4;C
2023;A22;RUR3-3499-B;Rural;RUR3;86.96;09/03/2023;09/03/2023;3;34;50;20;8;3;3;50;128;4;C
2023;A22;RUR3-4436-B;Rural;RUR3;86.96;09/03/2023;09/03/2023;2;34;45;19;8;1;2;54;152;4;C
2023;B21;RUR4-8193-A;Rural;RUR4;96.02;05/03/2023;08/03/2023;3;24;70;20;8;2;3;42;124;4;C
2023;A12;RUR4-0553-A;Rural;RUR4;96.02;09/03/2023;09/03/2023;4;56;95;27;9;2;2;42;184;1;A
2023;A12;RUR4-2071-A;Rural;RUR4;96.02;05/03/2023;09/03/2023;1;8;52;20;5;2;2;40;104;1;B
2023;A12;RUR4-2771-A;Rural;RUR4;96.02;09/03/2023;09/03/2023;3;20;60;23;9;2;2;54;192;1;A
2023;A12;RUR4-3815-A;Rural;RUR4;96.02;08/03/2023;09/03/2023;2;80;86;25;9;2;3;50;232;5;D
2023;A22;RUR4-6030-B;Rural;RUR4;96.02;07/03/2023;09/03/2023;7;67;126;25;8;1;2;76;220;1;D
2023;A22;RUR4-6216-B;Rural;RUR4;96.02;07/03/2023;09/03/2023;3;33;135;25;10;2;3;60;272;1;D
2023;B21;RUR5-6408-A;Rural;RUR5;96.79;07/03/2023;08/03/2023;2;22;51;23;7;2;2;50;136;1;D
2023;A32;RUR5-0216-A;Rural;RUR5;96.79;05/03/2023;07/03/2023;10;57;85;20;8;2;2;62;288;1;C
2023;A32;RUR5-1401-A;Rural;RUR5;96.79;06/03/2023;07/03/2023;3;28;57;22;8;3;3;46;132;1;B
2023;A32;RUR5-3532-A;Rural;RUR5;96.79;05/03/2023;07/03/2023;6;58;45;23;8;3;3;54;222;1;E
2023;A32;RUR5-3754-B;Rural;RUR5;96.79;05/03/2023;07/03/2023;5;31;27;20;7;2;2;46;186;1;B
2023;A12;RUR5-7207-A;Rural;RUR5;96.79;04/03/2023;09/03/2023;2;24;79;23;7;2;2;54;164;1;B
2023;B21;RUR6-0298-A;Rural;RUR6;95.85;05/03/2023;08/03/2023;4;28;32;20;8;3;3;42;190;2;A
2023;B31;RUR6-0730-A;Rural;RUR6;95.85;05/03/2023;06/03/2023;4;13;53;26;7;2;3;44;150;1;C
2023;B31;RUR6-2578-A;Rural;RUR6;95.85;05/03/2023;06/03/2023;4;14;20;21;7;2;3;46;112;1;C
2023;B21;RUR6-3851-A;Rural;RUR6;95.85;05/03/2023;08/03/2023;4;36;72;25;7;2;3;84;222;1;D
2023;B31;RUR6-4773-B;Rural;RUR6;95.85;05/03/2023;06/03/2023;7;19;29;24.5;8.5;2;2;60;192;1;C
2023;B32;RUR6-9234-A;Rural;RUR6;95.85;05/03/2023;06/03/2023;2;17;60;22;10;2;3;48;132;1;B
2023;A11;RUR6-3391-A;Rural;RUR6;95.85;06/03/2023;09/03/2023;4;27;52;20;8;1;1;50;164;1;B
2023;A11;RUR6-4663-A;Rural;RUR6;95.85;06/03/2023;09/03/2023;4;38;67;20;9;3;3;46;158;1;D
2023;A11;RUR6-7366-A;Rural;RUR6;95.85;06/03/2023;09/03/2023;4;38;53;21;11;2;2;62;238;2;C
2023;A21;RUR6-7613-A;Rural;RUR6;95.85;06/03/2023;09/03/2023;4;31;61;25;8;1;1;52;192;1;A
2023;A31;SU1-1262-A;Semi-urbain;SU1;51.8;06/03/2023;07/03/2023;5;43;155;25;8;2;3;62;222;2;E
2023;B31;SU1-4049-A;Semi-urbain;SU1;51.8;05/03/2023;06/03/2023;4;12;80;20;7;2;2;54;184;3;C
2023;A31;SU1-4161-A;Semi-urbain;SU1;51.8;06/03/2023;07/03/2023;3;27;110;25;8;3;3;56;208;2;E
2023;B31;SU1-8912-A;Semi-urbain;SU1;51.8;05/03/2023;06/03/2023;5;8;62;27;7;4;5;48;154;3;C
2023;B31;SU1-9421-A;Semi-urbain;SU1;51.8;05/03/2023;06/03/2023;2;9;75;26;8;2;2;56;246;1;C
2023;A11;SU1-4938-A;Semi-urbain;SU1;51.8;09/03/2023;09/03/2023;6;25;90;27;8;1;1;56;232;1;D
2023;A11;SU1-9595-B;Semi-urbain;SU1;51.8;09/03/2023;09/03/2023;2;15;65;25;12;2;3;58;210;1;D
2023;A21;SU1-6965-A;Semi-urbain;SU1;51.8;09/03/2023;09/03/2023;3;32;90;22;7;2;2;48;166;1;A
2023;A12;SU1-8279-A;Semi-urbain;SU1;51.8;09/03/2023;09/03/2023;3;20;55;22;8;2;2;42;96;2;B
2023;A22;SU1-6725-A;Semi-urbain;SU1;51.8;08/03/2023;09/03/2023;4;31;70;25;8;2;3;46;190;1;A
2023;B12;SU2-0049-B;Semi-urbain;SU2;41.99;07/03/2023;08/03/2023;8;43;50;30;8;2;3;56;110;2;E
2023;B32;SU2-0591-A;Semi-urbain;SU2;41.99;05/03/2023;06/03/2023;11;65;55;21;8;2;2;46;160;1;E
2023;B31;SU2-0667-A;Semi-urbain;SU2;41.99;05/03/2023;06/03/2023;3;9;35;20;5;2;2;42;62;1;A
2023;B12;SU2-5473A;Semi-urbain;SU2;41.99;07/03/2023;08/03/2023;4;32;44;20;8;2;3;50;202;2;E
2023;B31;SU2-7703-A;Semi-urbain;SU2;41.99;05/03/2023;06/03/2023;2;14;43;24;8;2;3;58;192;1;A
2023;A11;SU-0406-A;Semi-urbain;SU2;41.99;08/03/2023;09/03/2023;3;12;32;20;7;2;2;46;134;4;C
2023;A11;SU2-1249-A;Semi-urbain;SU2;41.99;09/03/2023;09/03/2023;9;57;30;20;7;2;3;54;104;3;E
2023;A11;SU2-4185-A;Semi-urbain;SU2;41.99;09/03/2023;09/03/2023;4;56;80;22;7;2;2;46;140;2;D
2023;A11;SU2-5948-A;Semi-urbain;SU2;41.99;09/03/2023;09/03/2023;6;31;48;17;7;1;1;50;146;3;E
2023;A11;SU2-6562-A;Semi-urbain;SU2;41.99;09/03/2023;09/03/2023;5;41;42;21;8;2;2;68;180;3;E
2023;A32;SU2-1148-A;Semi-urbain;SU2;41.99;06/03/2023;07/03/2023;7;50;49;29;7;2;2;38;98;1;A
2023;A31;SU2-7240-A;Semi-urbain;SU3;65.02;06/03/2023;07/03/2023;5;29;35;20;8;2;2;40;102;3;D
2023;B12;SU3-2641-B;Semi-urbain;SU3;65.02;08/03/2023;08/03/2023;8;18;75;20;7;2;2;66;162;2;D
2023;B32;SU3-6546-A;Semi-urbain;SU3;65.02;06/03/2023;06/03/2023;3;29;35;20;9;1;1;82;180;1;B
2023;A21;SU3-0799-B;Semi-urbain;SU3;65.02;08/03/2023;09/03/2023;4;11;67;22;8;2;2;48;124;2;B
2023;A21;SU3-2079-A;Semi-urbain;SU3;65.02;08/03/2023;09/03/2023;4;36;45;22;8;2;2;60;160;4;A
2023;A21;SU3-3382-A;Semi-urbain;SU3;65.02;08/03/2023;09/03/2023;4;11;52;21;7;2;3;42;140;2;B
2023;A32;SU3-2211-B;Semi-urbain;SU3;65.02;04/03/2023;07/03/2023;5;45;21;16;5;2;1;44;112;1;A
2023;A32;SU3-8216-A;Semi-urbain;SU3;65.02;06/03/2023;07/03/2023;6;37;45;23;6;2;3;56;130;2;A
2023;A32;SU3-9539-B;Semi-urbain;SU3;65.02;04/03/2023;07/03/2023;2;23;40;19;7;2;3;34;100;1;C
2023;A22;SU3-1288-A;Semi-urbain;SU3;65.02;09/03/2023;09/03/2023;4;28;73;22;7;1;1;52;144;1;D
2023;B12;SU4-1413-A;Semi-urbain;SU4;63.32;07/03/2023;08/03/2023;3;38;100;29;7;3;3;46;202;1;C
2023;A31;SU4-2000-A;Semi-urbain;SU4;63.32;06/03/2023;07/03/2023;9;53;55;25;7;1;1;48;140;1;C
2023;A31;SU4-2048-A;Semi-urbain;SU4;63.32;06/03/2023;07/03/2023;3;34;28;23;3;1;2;30;68;3;E
2023;B12;SU4-2210-A;Semi-urbain;SU4;63.32;06/03/2023;08/03/2023;1;9;75;17;6;2;2;38;80;2;E
2023;A31;SU4-7644-A;Semi-urbain;SU4;63.32;06/03/2023;07/03/2023;8;98;60;25;8;2;4;44;160;1;E
2023;A12;SU4-08656-A;Semi-urbain;SU4;63.32;09/03/2023;09/03/2023;1;38;61;24;8;1;2;68;210;1;A
2023;A12;SU4-5526-A;Semi-urbain;SU4;63.32;09/03/2023;09/03/2023;3;18;68;22;8;1;2;48;174;1;B
2023;A22;SU4-6892-B;Semi-urbain;SU4;63.32;08/03/2023;09/03/2023;10;57;90;27;8;3;5;56;192;2;D
2023;A22;SU4-8510-B;Semi-urbain;SU4;63.32;22/02/2023;09/03/2023;7;31;73;18;7;1;1;64;154;1;D
2023;B32;SU5-1064-A;Semi-urbain;SU5;46.44;05/03/2023;06/03/2023;2;25;48;24;9;2;2;60;148;1;B
2023;B11;SU5-2148-A;Semi-urbain;SU5;46.44;04/03/2023;08/03/2023;3;21;45;21;7;2;3;52;144;1;D
2023;B32;SU5-2237-B;Semi-urbain;SU5;46.44;05/03/2023;06/03/2023;3;17;46;22;7;1;2;54;138;2;E
2023;B32;SU5-2427-A;Semi-urbain;SU5;46.44;05/03/2023;06/03/2023;4;25;26;24;8;2;2;52;164;1;C
2023;B32;SU5-4835-A;Semi-urbain;SU5;46.44;05/03/2023;06/03/2023;2;20;24;22;12;1;2;36;142;1;C
2023;A21;SU5-0677-A;Semi-urbain;SU5;46.44;08/03/2023;09/03/2023;3;22;50;25;8;2;2;66;168;1;A
2023;A21;SU5-0771-A;Semi-urbain;SU5;46.44;08/03/2023;09/03/2023;2;26;63;24;7;3;3;44;82;1;A
2023;A21;SU5-8185-B;Semi-urbain;SU5;46.44;08/03/2023;09/03/2023;6;15;85;24;8;2;2;62;212;1;A
2023;A32;SU5-4123-A;Semi-urbain;SU5;46.44;05/03/2023;07/03/2023;4;33;45;27;7;3;3;58;142;1;B
2023;A22;SU5-1454-A;Semi-urbain;SU5;46.44;08/03/2023;09/03/2023;2;22;47;22;8;1;1;36;118;1;A
2023;B22;SU6-0421-A;Semi-urbain;SU6;52.79;07/03/2023;08/03/2023;3;31;53;25;8;2;2;44;182;1;A
2023;B21;SU6-1056-A;Semi-urbain;SU6;52.79;07/03/2023;08/03/2023;4;28;52;24;8;1;2;58;176;1;A
2023;B11;SU6-2059-B;Semi-urbain;SU6;52.79;07/03/2023;08/03/2023;1;22;50;18;7;2;2;64;170;1;B
2023;B21;SU6-2490-B;Semi-urbain;SU6;52.79;07/03/2023;08/03/2023;3;25;42;20;8;2;2;56;128;1;A
2023;B21;SU6-2510-A;Semi-urbain;SU6;52.79;07/03/2023;08/03/2023;3;30;74;21;7;2;2;42;168;1;A
2023;B11;SU6-2529-A;Semi-urbain;SU6;52.79;08/03/2023;08/03/2023;6;64;48;22;7;2;3;56;128;1;B
2023;B22;su6-3177-A;Semi-urbain;SU6;52.79;07/03/2023;08/03/2023;5;27;69;25;9;2;3;54;206;1;A
2023;B22;SU6-3840-A;Semi-urbain;SU6;52.79;07/03/2023;08/03/2023;6;28;42;22;9;2;2;70;238;1;A
2023;B22;SU6-4092-A;Semi-urbain;SU6;52.79;07/03/2023;08/03/2023;3;27;44;23;8;2;2;60;214;1;A
2023;B22;SU6-7894-B;Semi-urbain;SU6;52.79;07/03/2023;08/03/2023;5;22;72;24;8;2;2;66;168;1;E
2023;B11;SU6-9010-A;Semi-urbain;SU6;52.79;07/03/2023;08/03/2023;4;32;48;23;8;2;3;54;212;1;B
2023;A32;SU6-0717-B;Semi-urbain;SU6;52.79;06/03/2023;07/03/2023;4;27;64;24;8;2;2;48;160;1;A
2023;B32;URB1-0967-A;Urbain;URB1;21.9;05/03/2023;06/03/2023;4;28;70;20;6;3;3;40;114;2;E
2023;B12;URB1-1744-A;Urbain;URB1;21.9;08/03/2023;08/03/2023;1;22;33;19;7;2;2;42;130;1;A
2023;A32;URB1-1154-B;Urbain;URB1;21.9;06/03/2023;07/03/2023;7;41;70;24;8;2;2;52;146;1;A
2023;A12;URB1-5810-A;Urbain;URB1;21.9;09/03/2023;09/03/2023;3;25;50;21;8;1;2;34;92;1;A
2023;A22;URB1-1194-A;Urbain;URB1;21.9;08/03/2023;09/03/2023;6;36;50;18;7;2;2;42;194;1;C
2023;A22;URB1-4453-A;Urbain;URB1;21.9;09/03/2023;09/03/2023;6;37;32;20;7;2;2;50;102;1;C
2023;A22;URB1-5141-A;Urbain;URB1;21.9;09/03/2023;09/03/2023;2;15;36;20;6;2;2;40;110;1;E
2023;B22;URB3-3082-A;Urbain;URB3;4.72;05/03/2023;08/03/2023;4;18;65;20;9;2;2;60;152;1;A
2023;B12;URB3-5485A;Urbain;URB3;4.72;08/03/2023;08/03/2023;6;47;45;23;9;2;3;42;150;1;A
2023;B12;URB3-7930-B;Urbain;URB3;4.72;08/03/2023;08/03/2023;4;28;27;26;8;2;2;54;196;4;D
2023;A11;URB3-8607-A;Urbain;URB3;4.72;09/03/2023;09/03/2023;6;49;30;25;8;2;2;50;242;1;A
2023;A21;URB3-1796-A;Urbain;URB3;4.72;07/03/2023;09/03/2023;4;42;27;22;7;3;3;48;126;1;A
2023;A21;URB3-1920-A;Urbain;URB3;4.72;07/03/2023;09/03/2023;4;23;88;25;9;2;2;46;130;1;A
2023;A32;URB3-0931-A;Urbain;URB3;4.72;06/03/2023;07/03/2023;7;50;40;22;9;2;2;50;160;1;A
2023;A32;URB3-1118-A;Urbain;URB3;4.72;06/03/2023;07/03/2023;3;28;88;22;7;3;3;40;130;1;A
2023;A22;URB3-1448-A;Urbain;URB3;4.72;08/03/2023;09/03/2023;6;69;33;28;9;2;2;58;192;2;A
2023;A22;URB3-4436-A;Urbain;URB3;4.72;09/03/2023;09/03/2023;5;32;48;20;8;2;2;48;180;4;C
2023;B21;URB6-1070-A;Urbain;URB6;8.39;07/03/2023;08/03/2023;2;7;61;25;9;1;1;54;130;1;A
2023;B21;URB7-2210-B;Urbain;URB6;8.39;07/03/2023;08/03/2023;1;8;33;18;6;2;2;28;46;1;E
2023;B32;URB7-0759-A;Urbain;URB7;12.89;06/03/2023;06/03/2023;4;47;70;22;8;1;1;52;128;2;E
2023;B21;URB7-2210-A;Urbain;URB7;12.89;07/03/2023;08/03/2023;3;27;57;18;5;2;3;32;164;1;D
2023;B11;URB7-5762-A;Urbain;URB7;12.89;05/03/2023;08/03/2023;2;40;60;24;8;2;2;44;188;1;A
2023;B32;URB7-8838-A;Urbain;URB7;12.89;05/03/2023;06/03/2023;1;7;67;19;9;2;3;36;138;1;A
2023;A31;URB7-0474-A;Urbain;URB7;12.89;06/03/2023;07/03/2023;3;28;101;28;7;2;2;56;146;1;A
2023;A31;URB7-1116-A;Urbain;URB7;12.89;20/02/2023;07/03/2023;3;15;88;15;6;1;1;38;128;1;A
2023;A31;URB7-1290-A;Urbain;URB7;12.89;20/02/2023;07/03/2023;1;10;35;14;5;1;1;38;52;1;A
2023;A31;URB7-6022-B;Urbain;URB7;12.89;06/03/2023;07/03/2023;3;11;88;24;8;2;2;44;146;1;A
2023;A11;UR7-9623-A;Urbain;URB7;12.89;08/03/2023;09/03/2023;3;19;60;9;2;1;1;68;150;1;A
2023;A11;URB7-3227-A;Urbain;URB7;12.89;09/03/2023;09/03/2023;2;10;24;16;7;2;2;34;76;2;B
2023;A11;URB7-5507-A;Urbain;URB7;12.89;08/03/2023;09/03/2023;5;39;50;23;8;2;3;44;112;2;D
2023;A21;URB7-2187-A;Urbain;URB7;12.89;08/03/2023;09/03/2023;2;22;65;22;7;2;3;36;146;1;A
2023;A32;URB7-3175-A;Urbain;URB7;12.89;05/03/2023;07/03/2023;9;78;105;21;8;2;3;48;150;1;E
2023;A32;URB7-6024-A;Urbain;URB7;12.89;06/03/2023;07/03/2023;3;17;45;23;7;3;3;44;132;1;A
2023;B11;URB8-0227-B;Urbain;URB8;20.18;06/03/2023;08/03/2023;3;36;45;22;8;2;2;44;114;2;A
2023;B32;URB8-1859-A;Urbain;URB8;20.18;05/03/2023;06/03/2023;1;36;42;25;10;3;3;40;100;1;D
2023;B32;URB8-3094-A;Urbain;URB8;20.18;05/03/2023;06/03/2023;1;25;26;20;6;2;3;28;96;1;D
2023;B32;URB8-3328-A;Urbain;URB8;20.18;05/03/2023;06/03/2023;1;10;42;17;6;3;4;54;100;1;E
2023;B32;URB8-6830-B;Urbain;URB8;20.18;05/03/2023;06/03/2023;1;33;55;30;10;2;2;22;68;1;A
2023;A11;URB8-2014-A;Urbain;URB8;20.18;08/03/2023;09/03/2023;9;39;74;25;9;2;3;38;140;1;E
2023;A21;URB8-1677-A;Urbain;URB8;20.18;05/03/2023;09/03/2023;6;43;52;25;7;2;2;42;154;1;A
2023;A21;URB8-3697-A;Urbain;URB8;20.18;05/03/2023;09/03/2023;7;48;105;27;8;2;3;56;136;5;D
2023;A32;URB8-5809-A;Urbain;URB8;20.18;06/03/2023;07/03/2023;4;41;52;21;8;1;2;48;120;1;C
2023;B12;URB9-0274-A;Urbain;URB9;24;05/03/2023;08/03/2023;3;42;100;23;6;2;2;40;124;1;B
2023;B11;URB9-0974-A;Urbain;URB9;24;07/03/2023;08/03/2023;2;39;80;20;7;2;3;46;122;1;A
2023;B12;URB9-2243A;Urbain;URB9;24;07/03/2023;08/03/2023;1;16;60;22;5;2;2;54;162;1;A
2023;B22;URB9-2354-A;Urbain;URB9;24;07/03/2023;08/03/2023;3;30;95;28;11;2;3;46;144;1;A
2023;B21;URB9-2569-B;Urbain;URB9;24;07/03/2023;08/03/2023;1;14;90;25;8;2;2;50;124;1;A
2023;B12;URB9-2655-A;Urbain;URB9;24;05/03/2023;08/03/2023;7;30;80;22;8;1;1;42;156;1;NA
2023;B22;URB9-3377-A;Urbain;URB9;24;07/03/2023;08/03/2023;4;45;41;27;10;4;4;50;128;3;A
2023;A11;URB9-6045-A;Urbain;URB9;24;09/03/2023;09/03/2023;6;44;90;25;7;1;1;62;190;2;D
2023;A21;URB9-0130-B;Urbain;URB9;24;08/03/2023;09/03/2023;5;37;80;20;7;2;3;64;176;2;E
2023;A21;URB9-4445-A;Urbain;URB9;24;08/03/2023;09/03/2023;2;13;120;30;10;2;2;52;160;2;E
2023;A12;URB9-9535-A;Urbain;URB9;24;09/03/2023;09/03/2023;3;24;29;22;8;2;3;48;102;1;B
